dset_name,name_long,ranking_score,id_number,vdatum_name,vdatum_epsg,is_active
AW3D30,ALOS World 3D 30m,0,0,EGM96,5773,False
ArcticDEM,Arctic DEM,0,0,WGS84(Original)(Original)(Original)(Original)(Original)(Original)(Original)(Original)(Original)(Original)(Original),4979,False
BOEM,BOEM,8,8,EGM2008,3855,True
BedMachine,BedMachine,0,0,WGS84,4979,False
BedMachine_Bed,BedMachine Bed,0,0,egm2008,3855,False
BedMachine_Surface,BedMachine Surface,0,0,egm2008,3855,False
BlueTopo,BlueTopo,7,7,EGM2008,3855,True
CUDEM,CUDEM,12,12,EGM2008,3855,True
CUDEM_CONUS,CUDEM Continental US,0,0,NAVD88,5703,False
CUDEM_derived_bathy,CUDEM-derived bathymetry,2,2,EGM2008,3855,True
CoastalDEM,CoastalDEM,0,0,,0,False
CopernicusDEM,Copernicus DEM,0,0,EGM2008,3855,False
EMODnet,EMODnet,0,0,MSL,5714,False
ETOPO1,ETOPO1,0,0,msl,5714,False
FABDEM,FABDEM,9,9,EGM2008,3855,True
GEBCO,GEBCO,1,1,MSL,5714,True
GEBCO_sub_ice,GEBCO Sub Ice,0,0,MSL,5714,False
GLOBathy,GLOBathy,0,0,,0,False
GMRT,Globatl Multi-Resolutin Topography Data Synthesis (GMRT),5,5,EGM2008,3855,True
HRDEM_Canada,HRDEM Canada Land Tiles,11,11,egm2008,3855,True
MAR_gravity,Marine Gravity,0,0,EGM2008,3855,False
NASADEM,NASA DEM,0,0,EGM96,5773,False
NOAA_estuarine,NOAA Regional archived (non-tiled) DEMs,3,3,egm2008,3855,True
NOAA_regional,NOAA Regional archived (non-tiled) DEMs,4,4,egm2008,3855,True
REMA,REMA,0,0,WGS84,4979,False
ShallowBathyEverywhere,Shallow Bathy Everywhere,6,6,egm2008,3855,True
TanDEMX,TanDEMX,0,0,WGS_84(G1150)(G1150)(G1150)(G1150)(G1150)(G1150)(G1150)(G1150)(G1150)(G1150)(G1150)(G1150)(G1150)(G1150)(G1150)(G1150)(G1150),7660,False
USGS_TNM,"USGS National Map, 3-Dep tiles",10,10,EGM2008,3855,True
global_lakes_flat,Global Lakes Flat-bed (1m depth),0,0,EGM2008,3855,False
global_lakes_gebco,Global Lakes GEBCO-derived,0,0,EGM2008,3855,False
global_lakes_globathy,Global Lakes GLOBathy-derived,0,0,EGM2008,3855,False
